"_id","_class","dailyGPSData__latitude","dailyGPSData__longitude","dailyGPSData__duration"
"30_10_2_2017","com.projectvision.healthapp.model.mongo.PatientGPSData","37.85697772172292","-122.2875748504038","1590531"
"","","37.85699132887345","-122.2877008303779","1851"
"","","37.85699132887345","-122.2877008303779","1931"
"","","37.85699132887345","-122.2877008303779","11011"
"","","37.85699132887345","-122.2877008303779","11091"
"","","37.85699132887345","-122.2877008303779","11171"
"","","37.85699132887345","-122.2877008303779","11251"
"","","37.85699132887345","-122.2877008303779","11331"
"","","37.85699132887345","-122.2877008303779","11411"
"","","37.85699132887345","-122.2877008303779","11491"
"","","37.85699132887345","-122.2877008303779","11571"
"","","37.85699132887345","-122.2877008303779","11651"
"","","37.85699132887345","-122.2877008303779","11731"
"","","37.85699132887345","-122.2877008303779","11811"
"","","37.85699132887345","-122.2877008303779","11891"
"","","37.85699132887345","-122.2877008303779","11971"
"","","37.85699132887345","-122.2877008303779","12051"
"","","37.85699132887345","-122.2877008303779","12131"
"","","37.85699132887345","-122.2877008303779","12211"
"","","37.85699132887345","-122.2877008303779","12291"
"","","37.85699132887345","-122.2877008303779","12371"
"","","37.85699132887345","-122.2877008303779","12451"
"","","37.85699132887345","-122.2877008303779","12531"
"","","37.85699132887345","-122.2877008303779","12611"
"","","37.85699132887345","-122.2877008303779","12691"
"","","37.85699132887345","-122.2877008303779","12771"
"","","37.85699132887345","-122.2877008303779","12851"
"","","37.85699132887345","-122.2877008303779","12931"
"","","37.85699132887345","-122.2877008303779","13011"
"","","37.85699132887345","-122.2877008303779","13091"
"","","37.85699132887345","-122.2877008303779","13171"
"","","37.85699132887345","-122.2877008303779","13251"
"","","37.85699132887345","-122.2877008303779","13331"
"","","37.85699132887345","-122.2877008303779","13411"
"","","37.85699132887345","-122.2877008303779","13491"
"","","37.85699132887345","-122.2877008303779","13571"
"","","37.85699132887345","-122.2877008303779","13651"
"","","37.85699132887345","-122.2877008303779","13731"
"","","37.85699132887345","-122.2877008303779","13811"
"","","37.85699132887345","-122.2877008303779","13891"
"","","37.85699132887345","-122.2877008303779","13971"
"","","37.85699132887345","-122.2877008303779","14051"
"","","37.85699132887345","-122.2877008303779","14131"
"","","37.85699132887345","-122.2877008303779","14211"
"","","37.85699132887345","-122.2877008303779","14291"
"","","37.85699132887345","-122.2877008303779","14371"
"","","37.85699132887345","-122.2877008303779","14451"
"","","37.85699132887345","-122.2877008303779","14531"
"","","37.85699132887345","-122.2877008303779","14611"
"","","37.85699132887345","-122.2877008303779","14691"
"","","37.85699132887345","-122.2877008303779","14771"
"","","37.85699132887345","-122.2877008303779","14851"
"","","37.85699132887345","-122.2877008303779","14931"
"","","37.85699132887345","-122.2877008303779","15011"
"","","37.85699132887345","-122.2877008303779","15091"
"","","37.85699132887345","-122.2877008303779","15171"
"","","37.85699132887345","-122.2877008303779","15251"
"","","37.85699132887345","-122.2877008303779","15331"
"","","37.85699132887345","-122.2877008303779","15411"
"","","37.85699132887345","-122.2877008303779","15491"
"","","37.85699132887345","-122.2877008303779","15571"
"","","37.85699132887345","-122.2877008303779","15651"
"","","37.85699132887345","-122.2877008303779","15731"
"","","37.85699132887345","-122.2877008303779","15811"
"","","37.85699132887345","-122.2877008303779","15891"
"","","37.85699132887345","-122.2877008303779","15971"
"","","37.85699132887345","-122.2877008303779","16051"
"","","37.85699132887345","-122.2877008303779","16131"
"","","37.85699132887345","-122.2877008303779","16211"
"","","37.85699132887345","-122.2877008303779","16291"
"","","37.85699132887345","-122.2877008303779","16371"
"","","37.85699132887345","-122.2877008303779","16451"
"","","37.85699132887345","-122.2877008303779","16531"
"","","37.85699132887345","-122.2877008303779","16611"
"","","37.85699132887345","-122.2877008303779","16691"
"","","37.85699132887345","-122.2877008303779","16771"
"","","37.85699132887345","-122.2877008303779","16851"
"","","37.85699132887345","-122.2877008303779","16931"
"","","37.85699132887345","-122.2877008303779","17011"
"","","37.85699132887345","-122.2877008303779","17091"
"","","37.85699132887345","-122.2877008303779","17171"
"","","37.85699132887345","-122.2877008303779","17251"
"","","37.85699132887345","-122.2877008303779","17331"
"","","37.85699132887345","-122.2877008303779","17411"
"","","37.85699132887345","-122.2877008303779","17491"
"","","37.85699132887345","-122.2877008303779","17571"
"","","37.85699132887345","-122.2877008303779","17651"
"","","37.85699132887345","-122.2877008303779","17731"
"","","37.85699132887345","-122.2877008303779","17811"
"","","37.85699132887345","-122.2877008303779","17891"
"","","37.85699132887345","-122.2877008303779","17971"
"","","37.85699132887345","-122.2877008303779","18051"
"","","37.85699132887345","-122.2877008303779","18131"
"","","37.85699132887345","-122.2877008303779","18211"
"","","37.85699132887345","-122.2877008303779","18291"
"","","37.85699132887345","-122.2877008303779","18371"
"","","37.85699132887345","-122.2877008303779","18451"
"","","37.85699132887345","-122.2877008303779","18531"
"","","37.85699132887345","-122.2877008303779","18611"
"","","37.85699132887345","-122.2877008303779","18691"
"","","37.85699132887345","-122.2877008303779","18771"
"","","37.85699132887345","-122.2877008303779","18851"
"","","37.85699132887345","-122.2877008303779","18931"
"","","37.85699132887345","-122.2877008303779","19011"
"","","37.85699132887345","-122.2877008303779","19091"
"","","37.85699132887345","-122.2877008303779","19171"
"","","37.85699132887345","-122.2877008303779","19251"
"","","37.85699132887345","-122.2877008303779","19331"
"","","37.85699132887345","-122.2877008303779","19411"
"","","37.85699132887345","-122.2877008303779","19491"
"","","37.85699132887345","-122.2877008303779","19571"
"","","37.85699132887345","-122.2877008303779","19651"
"","","37.85699132887345","-122.2877008303779","19731"
"","","37.85699132887345","-122.2877008303779","19811"
"","","37.85699132887345","-122.2877008303779","19891"
"","","37.85699132887345","-122.2877008303779","19971"
"","","37.85699132887345","-122.2877008303779","110051"
"","","37.85699132887345","-122.2877008303779","110131"
"","","37.85699132887345","-122.2877008303779","110211"
"","","37.85699132887345","-122.2877008303779","110291"
"","","37.85699132887345","-122.2877008303779","110371"
"","","37.85699132887345","-122.2877008303779","110451"
"","","37.85699132887345","-122.2877008303779","110531"
"","","37.85699132887345","-122.2877008303779","110611"
"","","37.85699132887345","-122.2877008303779","110691"
"","","37.85699132887345","-122.2877008303779","110771"
"","","37.85699132887345","-122.2877008303779","110851"
"","","37.85699132887345","-122.2877008303779","110931"
"","","37.85699132887345","-122.2877008303779","111011"
"","","37.85699132887345","-122.2877008303779","111091"
"","","37.85699132887345","-122.2877008303779","111171"
"","","37.85699132887345","-122.2877008303779","111251"
"","","37.85699132887345","-122.2877008303779","111331"
"","","37.85699132887345","-122.2877008303779","111411"
"","","37.85699132887345","-122.2877008303779","111491"
"","","37.85699132887345","-122.2877008303779","111571"
"","","37.85699132887345","-122.2877008303779","111651"
"","","37.85699132887345","-122.2877008303779","111731"
"","","37.85699132887345","-122.2877008303779","111811"
"","","37.85699132887345","-122.2877008303779","111891"
"","","37.85699132887345","-122.2877008303779","111971"
"","","37.85699132887345","-122.2877008303779","112051"
"","","37.85699132887345","-122.2877008303779","112131"
"","","37.85699132887345","-122.2877008303779","112211"
"","","37.85699132887345","-122.2877008303779","112291"
"","","37.85699132887345","-122.2877008303779","112371"
"","","37.85699132887345","-122.2877008303779","112451"
"","","37.85699132887345","-122.2877008303779","112531"
"","","37.85699132887345","-122.2877008303779","1283051"
"","","37.85811812644909","-122.2921182616775","1461"
"","","37.85811812644909","-122.2921182616775","1541"
"","","37.85811812644909","-122.2921182616775","1621"
"","","37.85811812644909","-122.2921182616775","1701"
"","","37.85811812644909","-122.2921182616775","1781"
"","","37.85811812644909","-122.2921182616775","1861"
"","","37.85811812644909","-122.2921182616775","1941"
"","","37.85811812644909","-122.2921182616775","11021"
"","","37.85811812644909","-122.2921182616775","11101"
"","","37.85811812644909","-122.2921182616775","11181"
"","","37.85811812644909","-122.2921182616775","11261"
"","","37.85811812644909","-122.2921182616775","11341"
"","","37.85811812644909","-122.2921182616775","11421"
"","","37.85811812644909","-122.2921182616775","11501"
"","","37.85811812644909","-122.2921182616775","11581"
"","","37.85811812644909","-122.2921182616775","11661"
"","","37.85811812644909","-122.2921182616775","11741"
"","","37.85811812644909","-122.2921182616775","11821"
"","","37.85811812644909","-122.2921182616775","11901"
"","","37.85811812644909","-122.2921182616775","11981"
"","","37.85811812644909","-122.2921182616775","12061"
"","","37.85811812644909","-122.2921182616775","12141"
"","","37.85811812644909","-122.2921182616775","12221"
"","","37.85811812644909","-122.2921182616775","12301"
"","","37.85811812644909","-122.2921182616775","12381"
"","","37.85811812644909","-122.2921182616775","12461"
"","","37.85811812644909","-122.2921182616775","12541"
"","","37.85811812644909","-122.2921182616775","12621"
"","","37.85811812644909","-122.2921182616775","12701"
"","","37.85811812644909","-122.2921182616775","12781"
"","","37.85811812644909","-122.2921182616775","12861"
"","","37.85811812644909","-122.2921182616775","12941"
"","","37.85811812644909","-122.2921182616775","13021"
"","","37.85811812644909","-122.2921182616775","13101"
"","","37.85811812644909","-122.2921182616775","13181"
"","","37.85811812644909","-122.2921182616775","13261"
"","","37.85811812644909","-122.2921182616775","13341"
"","","37.85811812644909","-122.2921182616775","13421"
"","","37.85811812644909","-122.2921182616775","13501"
"","","37.85811812644909","-122.2921182616775","13581"
"","","37.85811812644909","-122.2921182616775","13661"
"","","37.85811812644909","-122.2921182616775","13741"
"","","37.85811812644909","-122.2921182616775","13821"
"","","37.85811812644909","-122.2921182616775","13901"
"","","37.85811812644909","-122.2921182616775","13981"
"","","37.85811812644909","-122.2921182616775","14061"
"","","37.85811812644909","-122.2921182616775","14141"
"","","37.85811812644909","-122.2921182616775","14221"
"","","37.85811812644909","-122.2921182616775","14301"
"","","37.85811812644909","-122.2921182616775","14381"
"","","37.85811812644909","-122.2921182616775","14461"
"","","37.85811812644909","-122.2921182616775","14541"
"","","37.85811812644909","-122.2921182616775","14621"
"","","37.85811812644909","-122.2921182616775","14701"
"","","37.85811812644909","-122.2921182616775","14781"
"","","37.85811812644909","-122.2921182616775","14861"
"","","37.85811812644909","-122.2921182616775","14941"
"","","37.85811812644909","-122.2921182616775","15021"
"","","37.85811812644909","-122.2921182616775","15101"
"","","37.85811812644909","-122.2921182616775","15181"
"","","37.85811812644909","-122.2921182616775","15261"
"","","37.85811812644909","-122.2921182616775","15341"
"","","37.85811812644909","-122.2921182616775","15421"
"","","37.85811812644909","-122.2921182616775","15501"
"","","37.85811812644909","-122.2921182616775","15581"
"","","37.85811812644909","-122.2921182616775","15661"
"","","37.85811812644909","-122.2921182616775","15741"
"","","37.85811812644909","-122.2921182616775","15821"
"","","37.85811812644909","-122.2921182616775","15901"
"","","37.85811812644909","-122.2921182616775","15981"
"","","37.85811812644909","-122.2921182616775","16061"
"","","37.85811812644909","-122.2921182616775","16141"
"","","37.85811812644909","-122.2921182616775","16221"
"","","37.85811812644909","-122.2921182616775","16301"
"","","37.85811812644909","-122.2921182616775","16381"
"","","37.85811812644909","-122.2921182616775","16461"
"","","37.85811812644909","-122.2921182616775","16541"
"","","37.85811812644909","-122.2921182616775","16621"
"","","37.85811812644909","-122.2921182616775","16701"
"","","37.85811812644909","-122.2921182616775","16781"
"","","37.85811812644909","-122.2921182616775","16861"
"","","37.85811812644909","-122.2921182616775","16941"
"","","37.85811812644909","-122.2921182616775","17021"
"","","37.85811812644909","-122.2921182616775","17101"
"","","37.85811812644909","-122.2921182616775","17181"
"","","37.85811812644909","-122.2921182616775","17261"
"","","37.85811812644909","-122.2921182616775","17341"
"","","37.85811812644909","-122.2921182616775","17421"
"","","37.85811812644909","-122.2921182616775","17501"
"","","37.85811812644909","-122.2921182616775","17581"
"","","37.85811812644909","-122.2921182616775","17661"
"","","37.85811812644909","-122.2921182616775","17741"
"","","37.85811812644909","-122.2921182616775","17821"
"","","37.85811812644909","-122.2921182616775","17901"
"","","37.85811812644909","-122.2921182616775","17981"
"","","37.85811812644909","-122.2921182616775","18061"
"","","37.85811812644909","-122.2921182616775","18141"
"","","37.85811812644909","-122.2921182616775","18221"
"","","37.85811812644909","-122.2921182616775","18301"
"","","37.85811812644909","-122.2921182616775","18381"
"","","37.85811812644909","-122.2921182616775","18461"
"","","37.85811812644909","-122.2921182616775","18541"
"","","37.85811812644909","-122.2921182616775","18621"
"","","37.85811812644909","-122.2921182616775","18701"
"","","37.85811812644909","-122.2921182616775","18781"
"","","37.85811812644909","-122.2921182616775","18861"
"","","37.85811812644909","-122.2921182616775","18941"
"","","37.85811812644909","-122.2921182616775","19021"
"","","37.85811812644909","-122.2921182616775","19101"
"","","37.85811812644909","-122.2921182616775","19181"
"","","37.85811812644909","-122.2921182616775","19261"
"","","37.85811812644909","-122.2921182616775","19341"
"","","37.85811812644909","-122.2921182616775","19421"
"","","37.85811812644909","-122.2921182616775","19501"
"","","37.85811812644909","-122.2921182616775","19581"
"","","37.85811812644909","-122.2921182616775","19661"
"","","37.85811812644909","-122.2921182616775","19741"
"","","37.85811812644909","-122.2921182616775","19821"
"","","37.85811812644909","-122.2921182616775","19901"
"","","37.85811812644909","-122.2921182616775","19981"
"","","37.85811812644909","-122.2921182616775","110061"
"","","37.85811812644909","-122.2921182616775","110141"
"","","37.85811812644909","-122.2921182616775","110221"
"","","37.85811812644909","-122.2921182616775","110301"
"","","37.85811812644909","-122.2921182616775","110381"
"","","37.85811812644909","-122.2921182616775","110461"
"","","37.85811812644909","-122.2921182616775","110541"
"","","37.85811812644909","-122.2921182616775","110621"
"","","37.85811812644909","-122.2921182616775","110701"
"","","37.85811812644909","-122.2921182616775","110781"
"","","37.85811812644909","-122.2921182616775","110861"
"","","37.85811812644909","-122.2921182616775","110941"
"","","37.85811812644909","-122.2921182616775","111021"
"","","37.85811812644909","-122.2921182616775","111101"
"","","37.85811812644909","-122.2921182616775","111181"
"","","37.85811812644909","-122.2921182616775","111261"
"","","37.85811812644909","-122.2921182616775","111341"
"","","37.85811812644909","-122.2921182616775","111421"
"","","37.85811812644909","-122.2921182616775","111501"
"","","37.85811812644909","-122.2921182616775","111581"
"","","37.85811812644909","-122.2921182616775","111661"
"","","37.85811812644909","-122.2921182616775","111741"
"","","37.85811812644909","-122.2921182616775","111821"
"","","37.85811812644909","-122.2921182616775","111901"
"","","37.85811812644909","-122.2921182616775","111981"
"","","37.85811812644909","-122.2921182616775","112061"
"","","37.85811812644909","-122.2921182616775","112141"
"","","37.85811812644909","-122.2921182616775","112221"
"","","37.85811812644909","-122.2921182616775","112301"
"","","37.85811812644909","-122.2921182616775","112381"
"","","37.85811812644909","-122.2921182616775","1270891"
"","","37.8583163318222","-122.2919490545805","1131"
"","","37.8583163318222","-122.2919490545805","1211"
"","","37.8583163318222","-122.2919490545805","1291"
"","","37.8583163318222","-122.2919490545805","1371"
"","","37.8583163318222","-122.2919490545805","1451"
"","","37.8583163318222","-122.2919490545805","1531"
"","","37.8583163318222","-122.2919490545805","1611"
"","","37.8583163318222","-122.2919490545805","1691"
"","","37.8583163318222","-122.2919490545805","1771"
"","","37.8583163318222","-122.2919490545805","1851"
"","","37.8583163318222","-122.2919490545805","1931"
"","","37.8583163318222","-122.2919490545805","11011"
"","","37.8583163318222","-122.2919490545805","11091"
"","","37.8583163318222","-122.2919490545805","11171"
"","","37.8583163318222","-122.2919490545805","11251"
"","","37.8583163318222","-122.2919490545805","11331"
"","","37.8583163318222","-122.2919490545805","11411"
"","","37.8583163318222","-122.2919490545805","11491"
"","","37.8583163318222","-122.2919490545805","11571"
"","","37.8583163318222","-122.2919490545805","11651"
"","","37.8583163318222","-122.2919490545805","11731"
"","","37.8583163318222","-122.2919490545805","11811"
"","","37.8583163318222","-122.2919490545805","11891"
"","","37.8583163318222","-122.2919490545805","11971"
"","","37.8583163318222","-122.2919490545805","12051"
"","","37.8583163318222","-122.2919490545805","12131"
"","","37.8583163318222","-122.2919490545805","12211"
"","","37.8583163318222","-122.2919490545805","12291"
"","","37.8583163318222","-122.2919490545805","12371"
"","","37.8583163318222","-122.2919490545805","12451"
"","","37.8583163318222","-122.2919490545805","12531"
"","","37.8583163318222","-122.2919490545805","12611"
"","","37.8583163318222","-122.2919490545805","12691"
"","","37.8583163318222","-122.2919490545805","12771"
"","","37.8583163318222","-122.2919490545805","12851"
"","","37.8583163318222","-122.2919490545805","12931"
"","","37.8583163318222","-122.2919490545805","13011"
"","","37.8583163318222","-122.2919490545805","13091"
"","","37.8583163318222","-122.2919490545805","13171"
"30_11_2_2017","com.projectvision.healthapp.model.mongo.PatientGPSData","37.8583163318222","-122.2919490545805","13251"
"","","37.8583163318222","-122.2919490545805","13331"
"","","37.8583163318222","-122.2919490545805","13411"
"","","37.8583163318222","-122.2919490545805","13491"
"","","37.8583163318222","-122.2919490545805","13571"
"","","37.8583163318222","-122.2919490545805","13651"
"","","37.8583163318222","-122.2919490545805","13731"
"","","37.8583163318222","-122.2919490545805","13811"
"","","37.8583163318222","-122.2919490545805","13891"
"","","37.8583163318222","-122.2919490545805","13971"
"","","37.8583163318222","-122.2919490545805","14051"
"","","37.8583163318222","-122.2919490545805","14131"
"","","37.8583163318222","-122.2919490545805","14211"
"","","37.8583163318222","-122.2919490545805","14291"
"","","37.8583163318222","-122.2919490545805","14371"
"","","37.8583163318222","-122.2919490545805","14451"
"","","37.8583163318222","-122.2919490545805","14531"
"","","37.8583163318222","-122.2919490545805","14611"
"","","37.8583163318222","-122.2919490545805","14691"
"","","37.8583163318222","-122.2919490545805","14771"
"","","37.8583163318222","-122.2919490545805","14851"
"","","37.8583163318222","-122.2919490545805","14931"
"","","37.8583163318222","-122.2919490545805","15011"
"","","37.8583163318222","-122.2919490545805","15091"
"","","37.8583163318222","-122.2919490545805","15171"
"","","37.8583163318222","-122.2919490545805","15251"
"","","37.8583163318222","-122.2919490545805","15331"
"","","37.8583163318222","-122.2919490545805","15411"
"","","37.8583163318222","-122.2919490545805","15491"
"","","37.8583163318222","-122.2919490545805","15571"
"","","37.8583163318222","-122.2919490545805","15651"
"","","37.8583163318222","-122.2919490545805","15731"
"","","37.8583163318222","-122.2919490545805","15811"
"","","37.8583163318222","-122.2919490545805","15891"
"","","37.8583163318222","-122.2919490545805","15971"
"","","37.8583163318222","-122.2919490545805","16051"
"","","37.8583163318222","-122.2919490545805","16131"
"","","37.8583163318222","-122.2919490545805","16211"
"","","37.8583163318222","-122.2919490545805","16291"
"","","37.8583163318222","-122.2919490545805","16371"
"","","37.8583163318222","-122.2919490545805","16451"
"","","37.8583163318222","-122.2919490545805","16531"
"","","37.8583163318222","-122.2919490545805","16611"
"","","37.8583163318222","-122.2919490545805","16691"
"","","37.8583163318222","-122.2919490545805","16771"
"","","37.8583163318222","-122.2919490545805","16851"
"","","37.8583163318222","-122.2919490545805","16931"
"","","37.8583163318222","-122.2919490545805","17011"
"","","37.8583163318222","-122.2919490545805","17091"
"","","37.8583163318222","-122.2919490545805","17171"
"","","37.8583163318222","-122.2919490545805","17251"
"","","37.8583163318222","-122.2919490545805","17331"
"","","37.8583163318222","-122.2919490545805","17411"
"","","37.8583163318222","-122.2919490545805","17491"
"","","37.8583163318222","-122.2919490545805","17571"
"","","37.8583163318222","-122.2919490545805","17651"
"","","37.8583163318222","-122.2919490545805","17731"
"","","37.8583163318222","-122.2919490545805","17811"
"","","37.8583163318222","-122.2919490545805","17891"
"","","37.8583163318222","-122.2919490545805","17971"
"","","37.8583163318222","-122.2919490545805","18051"
"","","37.8583163318222","-122.2919490545805","18131"
"","","37.8583163318222","-122.2919490545805","18211"
"","","37.8583163318222","-122.2919490545805","18291"
"","","37.8583163318222","-122.2919490545805","18371"
"","","37.8583163318222","-122.2919490545805","18451"
"","","37.8583163318222","-122.2919490545805","18531"
"","","37.8583163318222","-122.2919490545805","18611"
"","","37.8583163318222","-122.2919490545805","18691"
"","","37.8583163318222","-122.2919490545805","18771"
"","","37.8583163318222","-122.2919490545805","18851"
"","","37.8583163318222","-122.2919490545805","18931"
"","","37.8583163318222","-122.2919490545805","19011"
"","","37.8583163318222","-122.2919490545805","19091"
"","","37.8583163318222","-122.2919490545805","19171"
"","","37.8583163318222","-122.2919490545805","19251"
"","","37.8583163318222","-122.2919490545805","19331"
"","","37.8583163318222","-122.2919490545805","19411"
"","","37.8583163318222","-122.2919490545805","19491"
"","","37.8583163318222","-122.2919490545805","19571"
"","","37.8583163318222","-122.2919490545805","19651"
"","","37.8583163318222","-122.2919490545805","19731"
"","","37.8583163318222","-122.2919490545805","19811"
"","","37.8583163318222","-122.2919490545805","19891"
"","","37.8583163318222","-122.2919490545805","19971"
"","","37.8583163318222","-122.2919490545805","110051"
"","","37.8583163318222","-122.2919490545805","110131"
"","","37.8583163318222","-122.2919490545805","110211"
"","","37.8583163318222","-122.2919490545805","110291"
"","","37.8583163318222","-122.2919490545805","110371"
"","","37.8583163318222","-122.2919490545805","110451"
"","","37.8583163318222","-122.2919490545805","110531"
"","","37.8583163318222","-122.2919490545805","110611"
"","","37.8583163318222","-122.2919490545805","110691"
"","","37.8583163318222","-122.2919490545805","110771"
"","","37.8583163318222","-122.2919490545805","110851"
"","","37.8583163318222","-122.2919490545805","110931"
"","","37.8583163318222","-122.2919490545805","111011"
"","","37.8583163318222","-122.2919490545805","111091"
"","","37.8583163318222","-122.2919490545805","111171"
"","","37.8583163318222","-122.2919490545805","111251"
"","","37.8583163318222","-122.2919490545805","111331"
"","","37.8583163318222","-122.2919490545805","111411"
"","","37.8583163318222","-122.2919490545805","111491"
"","","37.8583163318222","-122.2919490545805","1848971"
"","","37.85699734374221","-122.2874899244434","1161"
"","","37.85699734374221","-122.2874899244434","1241"
"","","37.85699734374221","-122.2874899244434","1321"
"","","37.85699734374221","-122.2874899244434","1401"
"","","37.85699734374221","-122.2874899244434","1481"
"","","37.85699734374221","-122.2874899244434","1561"
"","","37.85699734374221","-122.2874899244434","1641"
"","","37.85699734374221","-122.2874899244434","1721"
"","","37.85699734374221","-122.2874899244434","1811"
"","","37.85699734374221","-122.2874899244434","1881"
"","","37.85699734374221","-122.2874899244434","1961"
"","","37.85699734374221","-122.2874899244434","11041"
"","","37.85699734374221","-122.2874899244434","11121"
"","","37.85699734374221","-122.2874899244434","11201"
"","","37.85699734374221","-122.2874899244434","11201"
"","","37.85699734374221","-122.2874899244434","11281"
"","","37.85699734374221","-122.2874899244434","11281"
"","","37.85699734374221","-122.2874899244434","11361"
"","","37.85699734374221","-122.2874899244434","11361"
"","","37.85699734374221","-122.2874899244434","11441"
"","","37.85699734374221","-122.2874899244434","11441"
"","","37.85699734374221","-122.2874899244434","11521"
"","","37.85699734374221","-122.2874899244434","11521"
"","","37.85699734374221","-122.2874899244434","11601"
"","","37.85699734374221","-122.2874899244434","11601"
"","","37.85699734374221","-122.2874899244434","11681"
"","","37.85699734374221","-122.2874899244434","11681"
"","","37.85699734374221","-122.2874899244434","11761"
"","","37.85699734374221","-122.2874899244434","11761"
"","","37.85699734374221","-122.2874899244434","11841"
"","","37.85699734374221","-122.2874899244434","11841"
"","","37.85699734374221","-122.2874899244434","11921"
"","","37.85699734374221","-122.2874899244434","11921"
"","","37.85699734374221","-122.2874899244434","12001"
"","","37.85699734374221","-122.2874899244434","12001"
"","","37.85699734374221","-122.2874899244434","12081"
"","","37.85699734374221","-122.2874899244434","12081"
"","","37.85699734374221","-122.2874899244434","12161"
"","","37.85699734374221","-122.2874899244434","12161"
"","","37.85699734374221","-122.2874899244434","12241"
"","","37.85699734374221","-122.2874899244434","12241"
"","","37.85699734374221","-122.2874899244434","12321"
"","","37.85699734374221","-122.2874899244434","12321"
"","","37.85699734374221","-122.2874899244434","12401"
"","","37.85699734374221","-122.2874899244434","12401"
"","","37.85699734374221","-122.2874899244434","12481"
"","","37.85699734374221","-122.2874899244434","12481"
"","","37.85699734374221","-122.2874899244434","12561"
"","","37.85699734374221","-122.2874899244434","12561"
"","","37.85699734374221","-122.2874899244434","12641"
"","","37.85699734374221","-122.2874899244434","12641"
"","","37.85699734374221","-122.2874899244434","12721"
"","","37.85699734374221","-122.2874899244434","12721"
"","","37.85699734374221","-122.2874899244434","12801"
"","","37.85699734374221","-122.2874899244434","12801"
"","","37.85699734374221","-122.2874899244434","12881"
"","","37.85699734374221","-122.2874899244434","12881"
"","","37.85699734374221","-122.2874899244434","12961"
"","","37.85699734374221","-122.2874899244434","12961"
"","","37.85699734374221","-122.2874899244434","13041"
"","","37.85699734374221","-122.2874899244434","13041"
"","","37.85699734374221","-122.2874899244434","13121"
"","","37.85699734374221","-122.2874899244434","13121"
"","","37.85699734374221","-122.2874899244434","13201"
"","","37.85699734374221","-122.2874899244434","13201"
"","","37.85699734374221","-122.2874899244434","13281"
"","","37.85699734374221","-122.2874899244434","13281"
"","","37.85699734374221","-122.2874899244434","13361"
"","","37.85699734374221","-122.2874899244434","13361"
"","","37.85699734374221","-122.2874899244434","13441"
"","","37.85699734374221","-122.2874899244434","13441"
"","","37.85699734374221","-122.2874899244434","13521"
"","","37.85699734374221","-122.2874899244434","13521"
"","","37.85699734374221","-122.2874899244434","13601"
"","","37.85699734374221","-122.2874899244434","13601"
"","","37.85699734374221","-122.2874899244434","13681"
"","","37.85699734374221","-122.2874899244434","13681"
"","","37.85699734374221","-122.2874899244434","13761"
"","","37.85699734374221","-122.2874899244434","13761"
"","","37.85699734374221","-122.2874899244434","13841"
"","","37.85699734374221","-122.2874899244434","13841"
"","","37.85699734374221","-122.2874899244434","13921"
"","","37.85699734374221","-122.2874899244434","13921"
"","","37.85699734374221","-122.2874899244434","14001"
"","","37.85699734374221","-122.2874899244434","14001"
"","","37.85699734374221","-122.2874899244434","14081"
"","","37.85699734374221","-122.2874899244434","14081"
"","","37.85699734374221","-122.2874899244434","14161"
"","","37.85699734374221","-122.2874899244434","14161"
"","","37.85699734374221","-122.2874899244434","14241"
"","","37.85699734374221","-122.2874899244434","14241"
"","","37.85699734374221","-122.2874899244434","14321"
"","","37.85699734374221","-122.2874899244434","14321"
"","","37.85699734374221","-122.2874899244434","14401"
"","","37.85699734374221","-122.2874899244434","14401"
"","","37.85699734374221","-122.2874899244434","14481"
"","","37.85699734374221","-122.2874899244434","14481"
"","","37.85699734374221","-122.2874899244434","14561"
"","","37.85699734374221","-122.2874899244434","14561"
"","","37.85699734374221","-122.2874899244434","14641"
"","","37.85699734374221","-122.2874899244434","14641"
"","","37.85699734374221","-122.2874899244434","14721"
"","","37.85699734374221","-122.2874899244434","14721"
"","","37.85699734374221","-122.2874899244434","14801"
"","","37.85699734374221","-122.2874899244434","14801"
"","","37.85699734374221","-122.2874899244434","14881"
"","","37.85699734374221","-122.2874899244434","14881"
"","","37.85699734374221","-122.2874899244434","14961"
"","","37.85699734374221","-122.2874899244434","14961"
"","","37.85699734374221","-122.2874899244434","15041"
"","","37.85699734374221","-122.2874899244434","15041"
"","","37.85699734374221","-122.2874899244434","15121"
"","","37.85699734374221","-122.2874899244434","15121"
"","","37.85699734374221","-122.2874899244434","15201"
"","","37.85699734374221","-122.2874899244434","15201"
"","","37.85699734374221","-122.2874899244434","15281"
"","","37.85699734374221","-122.2874899244434","15281"
"","","37.85699734374221","-122.2874899244434","15361"
"","","37.85699734374221","-122.2874899244434","15361"
"","","37.85699734374221","-122.2874899244434","15441"
"","","37.85699734374221","-122.2874899244434","15441"
"","","37.85699734374221","-122.2874899244434","15521"
"","","37.85699734374221","-122.2874899244434","15521"
"","","37.85699734374221","-122.2874899244434","15601"
"","","37.85699734374221","-122.2874899244434","15601"
"","","37.85699734374221","-122.2874899244434","15681"
"","","37.85699734374221","-122.2874899244434","15681"
"","","37.85699734374221","-122.2874899244434","15761"
"","","37.85699734374221","-122.2874899244434","15761"
"","","37.85699734374221","-122.2874899244434","15841"
"","","37.85699734374221","-122.2874899244434","15841"
"","","37.85699734374221","-122.2874899244434","15921"
"","","37.85699734374221","-122.2874899244434","15921"
"","","37.85699734374221","-122.2874899244434","16001"
"","","37.85699734374221","-122.2874899244434","16001"
"","","37.85699734374221","-122.2874899244434","16081"
"","","37.85699734374221","-122.2874899244434","16081"
"","","37.85699734374221","-122.2874899244434","16161"
"","","37.85699734374221","-122.2874899244434","16161"
"","","37.85699734374221","-122.2874899244434","16241"
"","","37.85699734374221","-122.2874899244434","16241"
"","","37.85699734374221","-122.2874899244434","16321"
"","","37.85699734374221","-122.2874899244434","16321"
"","","37.85699734374221","-122.2874899244434","16401"
"","","37.85699734374221","-122.2874899244434","16401"
"","","37.85699734374221","-122.2874899244434","16481"
"","","37.85699734374221","-122.2874899244434","16481"
"","","37.85699734374221","-122.2874899244434","16561"
"","","37.85699734374221","-122.2874899244434","16561"
"","","37.85699734374221","-122.2874899244434","16641"
"","","37.85699734374221","-122.2874899244434","16641"
"","","37.85699734374221","-122.2874899244434","16721"
"","","37.85699734374221","-122.2874899244434","16721"
"","","37.85699734374221","-122.2874899244434","16801"
"","","37.85699734374221","-122.2874899244434","16801"
"","","37.85699734374221","-122.2874899244434","16881"
"","","37.85699734374221","-122.2874899244434","16881"
"","","37.85699734374221","-122.2874899244434","16961"
"","","37.85699734374221","-122.2874899244434","16961"
"","","37.85699734374221","-122.2874899244434","17041"
"","","37.85699734374221","-122.2874899244434","17041"
"","","37.85699734374221","-122.2874899244434","17121"
"","","37.85699734374221","-122.2874899244434","17121"
"","","37.85699734374221","-122.2874899244434","17201"
"","","37.85699734374221","-122.2874899244434","17201"
"","","37.85699734374221","-122.2874899244434","17281"
"","","37.85699734374221","-122.2874899244434","17281"
"","","37.85699734374221","-122.2874899244434","17361"
"","","37.85699734374221","-122.2874899244434","17361"
"","","37.85699734374221","-122.2874899244434","17441"
"","","37.85699734374221","-122.2874899244434","17441"
"","","37.85699734374221","-122.2874899244434","17521"
"","","37.85699734374221","-122.2874899244434","17521"
"","","37.85699734374221","-122.2874899244434","17601"
"","","37.85699734374221","-122.2874899244434","17601"
"","","37.85699734374221","-122.2874899244434","17681"
"","","37.85699734374221","-122.2874899244434","17681"
"","","37.85699734374221","-122.2874899244434","17761"
"","","37.85699734374221","-122.2874899244434","17761"
"","","37.85699734374221","-122.2874899244434","17841"
"","","37.85699734374221","-122.2874899244434","17841"
"","","37.85699734374221","-122.2874899244434","17921"
"","","37.85699734374221","-122.2874899244434","17921"
"","","37.85699734374221","-122.2874899244434","18001"
"","","37.85699734374221","-122.2874899244434","18001"
"","","37.85699734374221","-122.2874899244434","18081"
"","","37.85699734374221","-122.2874899244434","18081"
"","","37.85699734374221","-122.2874899244434","18161"
"","","37.85699734374221","-122.2874899244434","18161"
"","","37.85699734374221","-122.2874899244434","18241"
"","","37.85699734374221","-122.2874899244434","18241"
"","","37.85699734374221","-122.2874899244434","18321"
"","","37.85699734374221","-122.2874899244434","18321"
"","","37.85699734374221","-122.2874899244434","18401"
"","","37.85699734374221","-122.2874899244434","18401"
"","","37.85699734374221","-122.2874899244434","18481"
"","","37.85699734374221","-122.2874899244434","18481"
"","","37.85699734374221","-122.2874899244434","18561"
"","","37.85699734374221","-122.2874899244434","18561"
"","","37.85699734374221","-122.2874899244434","18641"
"","","37.85699734374221","-122.2874899244434","18641"
"","","37.85699734374221","-122.2874899244434","18721"
"","","37.85699734374221","-122.2874899244434","18721"
"","","37.85699734374221","-122.2874899244434","18801"
"","","37.85699734374221","-122.2874899244434","18801"
"","","37.85699734374221","-122.2874899244434","18881"
"","","37.85699734374221","-122.2874899244434","18881"
"","","37.85699734374221","-122.2874899244434","18961"
"","","37.85699734374221","-122.2874899244434","18961"
"","","37.85699734374221","-122.2874899244434","19041"
"","","37.85699734374221","-122.2874899244434","19041"
"","","37.85699734374221","-122.2874899244434","19121"
"","","37.85699734374221","-122.2874899244434","19121"
"","","37.85699734374221","-122.2874899244434","19201"
"","","37.85699734374221","-122.2874899244434","19201"
"","","37.85699734374221","-122.2874899244434","19281"
"","","37.85699734374221","-122.2874899244434","19281"
"","","37.85699734374221","-122.2874899244434","19361"
"","","37.85699734374221","-122.2874899244434","19361"
"","","37.85699734374221","-122.2874899244434","19441"
"","","37.85699734374221","-122.2874899244434","19441"
"","","37.85699734374221","-122.2874899244434","19521"
"","","37.85699734374221","-122.2874899244434","19521"
"","","37.85699734374221","-122.2874899244434","19601"
"","","37.85699734374221","-122.2874899244434","19601"
"","","37.85699734374221","-122.2874899244434","19681"
"","","37.85699734374221","-122.2874899244434","19681"
"","","37.85699734374221","-122.2874899244434","19761"
"","","37.85699734374221","-122.2874899244434","19761"
"","","37.85699734374221","-122.2874899244434","19841"
"","","37.85699734374221","-122.2874899244434","19841"
"","","37.85699734374221","-122.2874899244434","19921"
"","","37.85699734374221","-122.2874899244434","19921"
"","","37.85699734374221","-122.2874899244434","110001"
"","","37.85699734374221","-122.2874899244434","110001"
"","","37.85699734374221","-122.2874899244434","110081"
"","","37.85699734374221","-122.2874899244434","110081"
"","","37.85699734374221","-122.2874899244434","110161"
"","","37.85699734374221","-122.2874899244434","110161"
"","","37.85699734374221","-122.2874899244434","110241"
"","","37.85699734374221","-122.2874899244434","110241"
"","","37.85699734374221","-122.2874899244434","110321"
"","","37.85699734374221","-122.2874899244434","110321"
"","","37.85699734374221","-122.2874899244434","110401"
"","","37.85699734374221","-122.2874899244434","110401"
"","","37.85699734374221","-122.2874899244434","110481"
"","","37.85699734374221","-122.2874899244434","110481"
"","","37.85699734374221","-122.2874899244434","110561"
"","","37.85699734374221","-122.2874899244434","110561"
"","","37.85699734374221","-122.2874899244434","110641"
"","","37.85699734374221","-122.2874899244434","110641"
"","","37.85699734374221","-122.2874899244434","110721"
"","","37.85699734374221","-122.2874899244434","110721"
"","","37.85699734374221","-122.2874899244434","110801"
"","","37.85699734374221","-122.2874899244434","110801"
"","","37.85699734374221","-122.2874899244434","110881"
"","","37.85699734374221","-122.2874899244434","110881"
"","","37.85699734374221","-122.2874899244434","110961"
"","","37.85699734374221","-122.2874899244434","110961"
"","","37.85699734374221","-122.2874899244434","111041"
"","","37.85699734374221","-122.2874899244434","111041"
"","","37.85699734374221","-122.2874899244434","111121"
"","","37.85699734374221","-122.2874899244434","111121"
"","","37.85699734374221","-122.2874899244434","111201"
"","","37.85699734374221","-122.2874899244434","111201"
"","","37.85699734374221","-122.2874899244434","111281"
"","","37.85699734374221","-122.2874899244434","111281"
"","","37.85699734374221","-122.2874899244434","111361"
"","","37.85699734374221","-122.2874899244434","111361"
"","","37.85699734374221","-122.2874899244434","111441"
"","","37.85699734374221","-122.2874899244434","111441"
"","","37.85699734374221","-122.2874899244434","111521"
"","","37.85699734374221","-122.2874899244434","111521"
"","","37.85699734374221","-122.2874899244434","111601"
"","","37.85699734374221","-122.2874899244434","111601"
"","","37.85699734374221","-122.2874899244434","111681"
"","","37.85699734374221","-122.2874899244434","111681"
"","","37.85699734374221","-122.2874899244434","111761"
"","","37.85699734374221","-122.2874899244434","111761"
"","","37.85699734374221","-122.2874899244434","111841"
"","","37.85699734374221","-122.2874899244434","111841"
"","","37.85699734374221","-122.2874899244434","111921"
"","","37.85699734374221","-122.2874899244434","111921"
"","","37.85699734374221","-122.2874899244434","112001"
"","","37.85699734374221","-122.2874899244434","112001"
"","","37.85699734374221","-122.2874899244434","112081"
"","","37.85699734374221","-122.2874899244434","112081"
"","","37.85699734374221","-122.2874899244434","112161"
"","","37.85699734374221","-122.2874899244434","112161"
"","","37.85699734374221","-122.2874899244434","112241"
"","","37.85699734374221","-122.2874899244434","112241"
"","","37.85699734374221","-122.2874899244434","112321"
"","","37.85699734374221","-122.2874899244434","112321"
"30_12_2_2017","com.projectvision.healthapp.model.mongo.PatientGPSData","37.85699734374221","-122.2874899244434","1778061"
"","","37.85705787133226","-122.2872734909153","191"
"","","37.85705787133226","-122.2872734909153","1171"
"","","37.85705787133226","-122.2872734909153","1251"
"","","37.85705787133226","-122.2872734909153","1331"
"","","37.85705787133226","-122.2872734909153","1411"
"","","37.85705787133226","-122.2872734909153","1491"
"","","37.85705787133226","-122.2872734909153","1571"
"","","37.85705787133226","-122.2872734909153","1651"
"","","37.85705787133226","-122.2872734909153","1731"
"","","37.85705787133226","-122.2872734909153","1811"
"","","37.85705787133226","-122.2872734909153","1891"
"","","37.85705787133226","-122.2872734909153","1971"
"","","37.85705787133226","-122.2872734909153","11051"
"","","37.85705787133226","-122.2872734909153","11131"
"","","37.85705787133226","-122.2872734909153","11211"
"","","37.85705787133226","-122.2872734909153","11291"
"","","37.85705787133226","-122.2872734909153","11371"
"","","37.85705787133226","-122.2872734909153","11451"
"","","37.85705787133226","-122.2872734909153","11531"
"","","37.85705787133226","-122.2872734909153","11611"
"","","37.85705787133226","-122.2872734909153","11691"
"","","37.85705787133226","-122.2872734909153","11771"
"","","37.85705787133226","-122.2872734909153","11851"
"","","37.85705787133226","-122.2872734909153","11931"
"","","37.85705787133226","-122.2872734909153","12011"
"","","37.85705787133226","-122.2872734909153","12091"
"","","37.85705787133226","-122.2872734909153","12171"
"","","37.85705787133226","-122.2872734909153","12251"
"","","37.85705787133226","-122.2872734909153","12331"
"","","37.85705787133226","-122.2872734909153","12411"
"","","37.85705787133226","-122.2872734909153","12491"
"","","37.85705787133226","-122.2872734909153","12571"
"","","37.85705787133226","-122.2872734909153","12651"
"","","37.85705787133226","-122.2872734909153","12731"
"","","37.85705787133226","-122.2872734909153","12811"
"","","37.85705787133226","-122.2872734909153","12891"
"","","37.85705787133226","-122.2872734909153","12971"
"","","37.85705787133226","-122.2872734909153","13051"
"","","37.85705787133226","-122.2872734909153","13131"
"","","37.85705787133226","-122.2872734909153","13211"
"","","37.85705787133226","-122.2872734909153","13291"
"","","37.85705787133226","-122.2872734909153","13371"
"","","37.85705787133226","-122.2872734909153","13451"
"","","37.85705787133226","-122.2872734909153","13531"
"","","37.85705787133226","-122.2872734909153","13611"
"","","37.85705787133226","-122.2872734909153","13691"
"","","37.85705787133226","-122.2872734909153","13771"
"","","37.85705787133226","-122.2872734909153","13851"
"","","37.85705787133226","-122.2872734909153","13931"
"","","37.85705787133226","-122.2872734909153","14011"
"","","37.85705787133226","-122.2872734909153","14091"
"","","37.85705787133226","-122.2872734909153","14171"
"","","37.85705787133226","-122.2872734909153","14251"
"","","37.85705787133226","-122.2872734909153","14331"
"","","37.85705787133226","-122.2872734909153","14411"
"","","37.85705787133226","-122.2872734909153","14491"
"","","37.85705787133226","-122.2872734909153","14571"
"","","37.85705787133226","-122.2872734909153","14651"
"","","37.85705787133226","-122.2872734909153","14731"
"","","37.85705787133226","-122.2872734909153","14811"
"","","37.85705787133226","-122.2872734909153","14891"
"","","37.85705787133226","-122.2872734909153","14971"
"","","37.85705787133226","-122.2872734909153","15051"
"","","37.85705787133226","-122.2872734909153","15131"
"","","37.85705787133226","-122.2872734909153","15211"
"","","37.85705787133226","-122.2872734909153","15291"
"","","37.85705787133226","-122.2872734909153","15371"
"","","37.85705787133226","-122.2872734909153","15451"
"","","37.85705787133226","-122.2872734909153","15531"
"","","37.85705787133226","-122.2872734909153","15611"
"","","37.85705787133226","-122.2872734909153","15691"
"","","37.85705787133226","-122.2872734909153","15771"
"","","37.85705787133226","-122.2872734909153","15861"
"","","37.85705787133226","-122.2872734909153","15931"
"","","37.85705787133226","-122.2872734909153","16011"
"","","37.85705787133226","-122.2872734909153","16091"
"","","37.85705787133226","-122.2872734909153","16171"
"","","37.85705787133226","-122.2872734909153","16251"
"","","37.85705787133226","-122.2872734909153","16331"
"","","37.85705787133226","-122.2872734909153","16411"
"","","37.85705787133226","-122.2872734909153","16491"
"","","37.85705787133226","-122.2872734909153","16571"
"","","37.85705787133226","-122.2872734909153","16651"
"","","37.85705787133226","-122.2872734909153","16731"
"","","37.85705787133226","-122.2872734909153","16811"
"","","37.85705787133226","-122.2872734909153","16891"
"","","37.85705787133226","-122.2872734909153","16971"
"","","37.85705787133226","-122.2872734909153","17051"
"","","37.85705787133226","-122.2872734909153","17131"
"","","37.85705787133226","-122.2872734909153","17211"
"","","37.85705787133226","-122.2872734909153","17291"
"","","37.85705787133226","-122.2872734909153","17371"
"","","37.85705787133226","-122.2872734909153","17451"
"","","37.85705787133226","-122.2872734909153","17531"
"","","37.85705787133226","-122.2872734909153","17611"
"","","37.85705787133226","-122.2872734909153","17691"
"","","37.85705787133226","-122.2872734909153","17771"
"","","37.85705787133226","-122.2872734909153","17851"
"","","37.85705787133226","-122.2872734909153","17931"
"","","37.85705787133226","-122.2872734909153","18011"
"","","37.85705787133226","-122.2872734909153","18091"
"","","37.85705787133226","-122.2872734909153","18171"
"","","37.85705787133226","-122.2872734909153","18251"
"","","37.85705787133226","-122.2872734909153","18331"
"","","37.85705787133226","-122.2872734909153","18411"
"","","37.85705787133226","-122.2872734909153","18491"
"","","37.85705787133226","-122.2872734909153","18571"
"","","37.85705787133226","-122.2872734909153","18651"
"","","37.85705787133226","-122.2872734909153","18731"
"","","37.85705787133226","-122.2872734909153","18811"
"","","37.85705787133226","-122.2872734909153","18891"
"","","37.85705787133226","-122.2872734909153","18971"
"","","37.85705787133226","-122.2872734909153","19051"
"","","37.85705787133226","-122.2872734909153","19131"
"","","37.85705787133226","-122.2872734909153","19211"
"","","37.85705787133226","-122.2872734909153","19291"
"","","37.85705787133226","-122.2872734909153","19371"
"","","37.85705787133226","-122.2872734909153","19451"
"","","37.85705787133226","-122.2872734909153","19531"
"","","37.85705787133226","-122.2872734909153","19611"
"","","37.85705787133226","-122.2872734909153","19691"
"","","37.85705787133226","-122.2872734909153","19771"
"","","37.85705787133226","-122.2872734909153","19851"
"","","37.85705787133226","-122.2872734909153","19931"
"","","37.85705787133226","-122.2872734909153","110011"
"","","37.85705787133226","-122.2872734909153","110091"
"","","37.85705787133226","-122.2872734909153","110171"
"","","37.85705787133226","-122.2872734909153","110251"
"","","37.85705787133226","-122.2872734909153","110331"
"","","37.85705787133226","-122.2872734909153","110411"
"","","37.85705787133226","-122.2872734909153","110491"
"","","37.85705787133226","-122.2872734909153","110571"
"","","37.85705787133226","-122.2872734909153","110651"
"","","37.85705787133226","-122.2872734909153","110731"
"","","37.85705787133226","-122.2872734909153","110811"
"","","37.85705787133226","-122.2872734909153","110891"
"","","37.85705787133226","-122.2872734909153","110971"
"","","37.85705787133226","-122.2872734909153","111051"
"","","37.85705787133226","-122.2872734909153","111131"
"","","37.85705787133226","-122.2872734909153","111211"
"","","37.85705787133226","-122.2872734909153","111291"
"","","37.85705787133226","-122.2872734909153","111371"
"","","37.85705787133226","-122.2872734909153","111451"
"","","37.85705787133226","-122.2872734909153","111531"
"","","37.85705787133226","-122.2872734909153","111771"
"","","37.85705787133226","-122.2872734909153","111851"
"","","37.85705787133226","-122.2872734909153","111931"
"","","37.85705787133226","-122.2872734909153","112011"
"","","37.85705787133226","-122.2872734909153","112091"
"","","37.85705787133226","-122.2872734909153","112171"
"","","37.85705787133226","-122.2872734909153","112251"
"","","37.85705787133226","-122.2872734909153","112331"
"30_13_2_2017","com.projectvision.healthapp.model.mongo.PatientGPSData","37.85705787133226","-122.2872734909153","1687051"
"","","37.80486912158499","-122.2947156836871","1101"
"","","37.80486912158499","-122.2947156836871","1181"
"","","37.80486912158499","-122.2947156836871","1261"
"","","37.80486912158499","-122.2947156836871","1341"
"","","37.80486912158499","-122.2947156836871","1421"
"","","37.80486912158499","-122.2947156836871","1501"
"","","37.80486912158499","-122.2947156836871","1581"
"","","37.80486912158499","-122.2947156836871","1661"
"","","37.80486912158499","-122.2947156836871","1741"
"","","37.80486912158499","-122.2947156836871","1821"
"","","37.80486912158499","-122.2947156836871","1901"
"","","37.80486912158499","-122.2947156836871","1981"
"","","37.80486912158499","-122.2947156836871","11061"
"","","37.80486912158499","-122.2947156836871","11141"
"","","37.80486912158499","-122.2947156836871","11221"
"","","37.80486912158499","-122.2947156836871","11301"
"","","37.80486912158499","-122.2947156836871","11381"
"","","37.80486912158499","-122.2947156836871","11461"
"","","37.80486912158499","-122.2947156836871","11541"
"","","37.80486912158499","-122.2947156836871","11621"
"","","37.80486912158499","-122.2947156836871","11701"
"","","37.80486912158499","-122.2947156836871","11781"
"","","37.80486912158499","-122.2947156836871","11861"
"","","37.80486912158499","-122.2947156836871","11941"
"","","37.80486912158499","-122.2947156836871","12021"
"","","37.80486912158499","-122.2947156836871","12101"
"","","37.80486912158499","-122.2947156836871","12181"
"","","37.80486912158499","-122.2947156836871","12261"
"","","37.80486912158499","-122.2947156836871","12341"
"","","37.80486912158499","-122.2947156836871","12421"
"","","37.80486912158499","-122.2947156836871","12501"
"","","37.80486912158499","-122.2947156836871","12581"
"","","37.80486912158499","-122.2947156836871","12661"
"","","37.80486912158499","-122.2947156836871","12741"
"","","37.80486912158499","-122.2947156836871","12821"
"","","37.80486912158499","-122.2947156836871","12901"
"","","37.80486912158499","-122.2947156836871","12981"
"","","37.80486912158499","-122.2947156836871","13061"
"","","37.80486912158499","-122.2947156836871","13141"
"","","37.80486912158499","-122.2947156836871","13221"
"","","37.80486912158499","-122.2947156836871","13301"
"","","37.80486912158499","-122.2947156836871","13381"
"","","37.80486912158499","-122.2947156836871","13461"
"","","37.80486912158499","-122.2947156836871","13541"
"","","37.80486912158499","-122.2947156836871","13621"
"","","37.80486912158499","-122.2947156836871","13701"
"","","37.80486912158499","-122.2947156836871","13781"
"","","37.80486912158499","-122.2947156836871","13861"
"","","37.80486912158499","-122.2947156836871","13941"
"","","37.80486912158499","-122.2947156836871","14021"
"","","37.80486912158499","-122.2947156836871","14101"
"","","37.80486912158499","-122.2947156836871","14181"
"","","37.80486912158499","-122.2947156836871","14261"
"","","37.80486912158499","-122.2947156836871","14341"
"","","37.80486912158499","-122.2947156836871","14421"
"","","37.80486912158499","-122.2947156836871","14501"
"","","37.80486912158499","-122.2947156836871","14581"
"","","37.80486912158499","-122.2947156836871","14661"
"","","37.80486912158499","-122.2947156836871","14741"
"","","37.80486912158499","-122.2947156836871","14821"
"","","37.80486912158499","-122.2947156836871","14901"
"","","37.80486912158499","-122.2947156836871","14981"
"","","37.80486912158499","-122.2947156836871","15061"
"","","37.80486912158499","-122.2947156836871","15141"
"","","37.80486912158499","-122.2947156836871","15221"
"","","37.80486912158499","-122.2947156836871","15301"
"","","37.80486912158499","-122.2947156836871","15381"
"","","37.80486912158499","-122.2947156836871","15461"
"","","37.80486912158499","-122.2947156836871","15541"
"","","37.80486912158499","-122.2947156836871","15621"
"","","37.80486912158499","-122.2947156836871","15701"
"","","37.80486912158499","-122.2947156836871","15781"
"","","37.80486912158499","-122.2947156836871","15861"
"","","37.80486912158499","-122.2947156836871","15941"
"","","37.80486912158499","-122.2947156836871","16021"
"","","37.80486912158499","-122.2947156836871","16101"
"","","37.80486912158499","-122.2947156836871","16181"
"","","37.80486912158499","-122.2947156836871","16261"
"","","37.80486912158499","-122.2947156836871","16341"
"","","37.80486912158499","-122.2947156836871","16421"
"","","37.80486912158499","-122.2947156836871","16501"
"","","37.80486912158499","-122.2947156836871","16581"
"","","37.80486912158499","-122.2947156836871","16661"
"","","37.80486912158499","-122.2947156836871","16741"
"","","37.80486912158499","-122.2947156836871","16821"
"","","37.80486912158499","-122.2947156836871","16901"
"","","37.80486912158499","-122.2947156836871","16981"
"","","37.80486912158499","-122.2947156836871","17061"
"","","37.80486912158499","-122.2947156836871","17141"
"","","37.80486912158499","-122.2947156836871","17221"
"","","37.80486912158499","-122.2947156836871","17301"
"","","37.80486912158499","-122.2947156836871","17381"
"","","37.80486912158499","-122.2947156836871","17461"
"","","37.80486912158499","-122.2947156836871","17541"
"","","37.80486912158499","-122.2947156836871","17621"
"","","37.80486912158499","-122.2947156836871","17701"
"","","37.80486912158499","-122.2947156836871","17781"
"","","37.80486912158499","-122.2947156836871","17861"
"","","37.80486912158499","-122.2947156836871","17941"
"","","37.80486912158499","-122.2947156836871","18021"
"","","37.80486912158499","-122.2947156836871","18101"
"","","37.80486912158499","-122.2947156836871","18181"
"","","37.80486912158499","-122.2947156836871","18261"
"","","37.80486912158499","-122.2947156836871","18341"
"","","37.80486912158499","-122.2947156836871","18421"
"","","37.80486912158499","-122.2947156836871","18501"
"","","37.80486912158499","-122.2947156836871","18581"
"","","37.80486912158499","-122.2947156836871","18661"
"","","37.80486912158499","-122.2947156836871","18741"
"","","37.80486912158499","-122.2947156836871","18821"
"","","37.80486912158499","-122.2947156836871","18901"
"","","37.80486912158499","-122.2947156836871","18981"
"","","37.80486912158499","-122.2947156836871","19061"
"","","37.80486912158499","-122.2947156836871","19141"
"","","37.80486912158499","-122.2947156836871","19221"
"","","37.80486912158499","-122.2947156836871","19301"
"","","37.80486912158499","-122.2947156836871","19381"
"","","37.80486912158499","-122.2947156836871","19461"
"","","37.80486912158499","-122.2947156836871","19541"
"","","37.80486912158499","-122.2947156836871","19621"
"","","37.80486912158499","-122.2947156836871","19701"
"","","37.80486912158499","-122.2947156836871","19781"
"","","37.80486912158499","-122.2947156836871","19861"
"","","37.80486912158499","-122.2947156836871","19941"
"","","37.80486912158499","-122.2947156836871","110021"
"","","37.80486912158499","-122.2947156836871","110101"
"","","37.80486912158499","-122.2947156836871","110181"
"","","37.80486912158499","-122.2947156836871","110261"
"","","37.80486912158499","-122.2947156836871","110341"
"","","37.80486912158499","-122.2947156836871","110421"
"","","37.80486912158499","-122.2947156836871","110501"
"","","37.80486912158499","-122.2947156836871","110581"
"","","37.80486912158499","-122.2947156836871","110661"
"","","37.80486912158499","-122.2947156836871","110741"
"","","37.80486912158499","-122.2947156836871","110821"
"","","37.80486912158499","-122.2947156836871","110901"
"","","37.80486912158499","-122.2947156836871","110981"
"","","37.80486912158499","-122.2947156836871","111061"
"","","37.80486912158499","-122.2947156836871","111141"
"","","37.80486912158499","-122.2947156836871","111221"
"","","37.80486912158499","-122.2947156836871","111301"
"","","37.80486912158499","-122.2947156836871","111381"
"","","37.80486912158499","-122.2947156836871","111461"
"","","37.80486912158499","-122.2947156836871","111541"
"","","37.80486912158499","-122.2947156836871","111621"
"","","37.80486912158499","-122.2947156836871","111701"
"","","37.80486912158499","-122.2947156836871","111781"
"","","37.80486912158499","-122.2947156836871","111861"
"","","37.80486912158499","-122.2947156836871","111941"
"","","37.80486912158499","-122.2947156836871","112021"
"","","37.80486912158499","-122.2947156836871","112101"
"","","37.80486912158499","-122.2947156836871","112181"
"","","37.80486912158499","-122.2947156836871","112261"
